n_clusters,inertia,silhouette_score,davies_bouldin_score,calinski_harabasz_score
2,1039376764381824.6,0.7207085431947212,0.4508257188322912,2656.248975334861
3,541711967349530.75,0.6790119578052465,0.6495061851380038,2887.9813352366186
4,414656774439112.1,0.6252556860912115,0.7984464522432102,2588.0863740289183
5,335980005906435.8,0.5778474832645688,0.8776368257261646,2436.008907739023
6,293456553800891.25,0.541982162206303,0.9725057806238359,2249.7669181307424
7,268363603618425.12,0.535993550222055,0.90218372097057,2058.9301002596726
8,242359861963297.4,0.5278720640756592,0.9578695992646824,1962.892332793439
9,225457501567786.06,0.5238199872072794,1.0345923712179113,1850.7483924413482
10,206309685456051.3,0.5323876130583223,0.9430125241510788,1802.9989768823134
